Country Name,Country Code,Series Name,Series Code,2010 [YR2010]
Afghanistan,AFG,GDP growth (annual %),NY.GDP.MKTP.KD.ZG,14.36244147
Afghanistan,AFG,"Population ages 15-64, total",SP.POP.1564.TO,13722048
Afghanistan,AFG,Arable land (hectares per person),AG.LND.ARBL.HA.PC,0.276448765
Albania,ALB,GDP growth (annual %),NY.GDP.MKTP.KD.ZG,3.706938153
Albania,ALB,"Population ages 15-64, total",SP.POP.1564.TO,1963578
Albania,ALB,Arable land (hectares per person),AG.LND.ARBL.HA.PC,0.214897181
Algeria,DZA,GDP growth (annual %),NY.GDP.MKTP.KD.ZG,3.600000001
Algeria,DZA,"Population ages 15-64, total",SP.POP.1564.TO,24238179
Algeria,DZA,Arable land (hectares per person),AG.LND.ARBL.HA.PC,0.209223785
American Samoa,ASM,GDP growth (annual %),NY.GDP.MKTP.KD.ZG,0.299850075
American Samoa,ASM,"Population ages 15-64, total",SP.POP.1564.TO,33669
American Samoa,ASM,Arable land (hectares per person),AG.LND.ARBL.HA.PC,0.015679411
Andorra,AND,GDP growth (annual %),NY.GDP.MKTP.KD.ZG,-1.974958
Andorra,AND,"Population ages 15-64, total",SP.POP.1564.TO,52106
Andorra,AND,Arable land (hectares per person),AG.LND.ARBL.HA.PC,0.01076637
Angola,AGO,GDP growth (annual %),NY.GDP.MKTP.KD.ZG,4.398375938
Angola,AGO,"Population ages 15-64, total",SP.POP.1564.TO,12069114
Angola,AGO,Arable land (hectares per person),AG.LND.ARBL.HA.PC,0.179762316
Antigua and Barbuda,ATG,GDP growth (annual %),NY.GDP.MKTP.KD.ZG,-7.840594744
Antigua and Barbuda,ATG,"Population ages 15-64, total",SP.POP.1564.TO,59233
Antigua and Barbuda,ATG,Arable land (hectares per person),AG.LND.ARBL.HA.PC,0.046677169
Argentina,ARG,GDP growth (annual %),NY.GDP.MKTP.KD.ZG,10.12539816
Argentina,ARG,"Population ages 15-64, total",SP.POP.1564.TO,26042007
Argentina,ARG,Arable land (hectares per person),AG.LND.ARBL.HA.PC,0.931712218
Armenia,ARM,GDP growth (annual %),NY.GDP.MKTP.KD.ZG,2.2
Armenia,ARM,"Population ages 15-64, total",SP.POP.1564.TO,2073112
Armenia,ARM,Arable land (hectares per person),AG.LND.ARBL.HA.PC,0.152225186
Aruba,ABW,GDP growth (annual %),NY.GDP.MKTP.KD.ZG,-2.733455707
Aruba,ABW,"Population ages 15-64, total",SP.POP.1564.TO,69879
Aruba,ABW,Arable land (hectares per person),AG.LND.ARBL.HA.PC,0.019932032
Australia,AUS,GDP growth (annual %),NY.GDP.MKTP.KD.ZG,2.226538078
Australia,AUS,"Population ages 15-64, total",SP.POP.1564.TO,14844429
Australia,AUS,Arable land (hectares per person),AG.LND.ARBL.HA.PC,1.161584985
Austria,AUT,GDP growth (annual %),NY.GDP.MKTP.KD.ZG,1.837093677
Austria,AUT,"Population ages 15-64, total",SP.POP.1564.TO,5648587
Austria,AUT,Arable land (hectares per person),AG.LND.ARBL.HA.PC,0.163067574
Azerbaijan,AZE,GDP growth (annual %),NY.GDP.MKTP.KD.ZG,5.048944513
Azerbaijan,AZE,"Population ages 15-64, total",SP.POP.1564.TO,6385040
Azerbaijan,AZE,Arable land (hectares per person),AG.LND.ARBL.HA.PC,0.208088239
"Bahamas, The",BHS,GDP growth (annual %),NY.GDP.MKTP.KD.ZG,1.538662487
"Bahamas, The",BHS,"Population ages 15-64, total",SP.POP.1564.TO,251619
"Bahamas, The",BHS,Arable land (hectares per person),AG.LND.ARBL.HA.PC,0.018753081
Bahrain,BHR,GDP growth (annual %),NY.GDP.MKTP.KD.ZG,4.334299173
Bahrain,BHR,"Population ages 15-64, total",SP.POP.1564.TO,939534
Bahrain,BHR,Arable land (hectares per person),AG.LND.ARBL.HA.PC,0.001697366
Bangladesh,BGD,GDP growth (annual %),NY.GDP.MKTP.KD.ZG,5.571788185
Bangladesh,BGD,"Population ages 15-64, total",SP.POP.1564.TO,92256484
Bangladesh,BGD,Arable land (hectares per person),AG.LND.ARBL.HA.PC,0.052503135
Barbados,BRB,GDP growth (annual %),NY.GDP.MKTP.KD.ZG,-2.272188073
Barbados,BRB,"Population ages 15-64, total",SP.POP.1564.TO,187188
Barbados,BRB,Arable land (hectares per person),AG.LND.ARBL.HA.PC,0.04368227
Belarus,BLR,GDP growth (annual %),NY.GDP.MKTP.KD.ZG,7.798266835
Belarus,BLR,"Population ages 15-64, total",SP.POP.1564.TO,6709807
Belarus,BLR,Arable land (hectares per person),AG.LND.ARBL.HA.PC,0.583624601
Belgium,BEL,GDP growth (annual %),NY.GDP.MKTP.KD.ZG,2.864292708
Belgium,BEL,"Population ages 15-64, total",SP.POP.1564.TO,7176760
Belgium,BEL,Arable land (hectares per person),AG.LND.ARBL.HA.PC,0.076544759
Belize,BLZ,GDP growth (annual %),NY.GDP.MKTP.KD.ZG,1.239952915
Belize,BLZ,"Population ages 15-64, total",SP.POP.1564.TO,195097
Belize,BLZ,Arable land (hectares per person),AG.LND.ARBL.HA.PC,0.232842605
Benin,BEN,GDP growth (annual %),NY.GDP.MKTP.KD.ZG,2.114064726
Benin,BEN,"Population ages 15-64, total",SP.POP.1564.TO,5018750
Benin,BEN,Arable land (hectares per person),AG.LND.ARBL.HA.PC,0.264670417
Bermuda,BMU,GDP growth (annual %),NY.GDP.MKTP.KD.ZG,-2.502878289
Bermuda,BMU,"Population ages 15-64, total",SP.POP.1564.TO,45886
Bermuda,BMU,Arable land (hectares per person),AG.LND.ARBL.HA.PC,0.004606597
Bhutan,BTN,GDP growth (annual %),NY.GDP.MKTP.KD.ZG,11.945896
Bhutan,BTN,"Population ages 15-64, total",SP.POP.1564.TO,460133
Bhutan,BTN,Arable land (hectares per person),AG.LND.ARBL.HA.PC,0.142590671
Bolivia,BOL,GDP growth (annual %),NY.GDP.MKTP.KD.ZG,4.126722591
Bolivia,BOL,"Population ages 15-64, total",SP.POP.1564.TO,6170180
Bolivia,BOL,Arable land (hectares per person),AG.LND.ARBL.HA.PC,0.414104293
Bosnia and Herzegovina,BIH,GDP growth (annual %),NY.GDP.MKTP.KD.ZG,0.86566926
Bosnia and Herzegovina,BIH,"Population ages 15-64, total",SP.POP.1564.TO,2662776
Bosnia and Herzegovina,BIH,Arable land (hectares per person),AG.LND.ARBL.HA.PC,0.263441831
Botswana,BWA,GDP growth (annual %),NY.GDP.MKTP.KD.ZG,10.12220912
Botswana,BWA,"Population ages 15-64, total",SP.POP.1564.TO,1296818
Botswana,BWA,Arable land (hectares per person),AG.LND.ARBL.HA.PC,0.123824859
Brazil,BRA,GDP growth (annual %),NY.GDP.MKTP.KD.ZG,7.528225818
Brazil,BRA,"Population ages 15-64, total",SP.POP.1564.TO,134182780
Brazil,BRA,Arable land (hectares per person),AG.LND.ARBL.HA.PC,0.261798247
British Virgin Islands,VGB,GDP growth (annual %),NY.GDP.MKTP.KD.ZG,..
British Virgin Islands,VGB,"Population ages 15-64, total",SP.POP.1564.TO,19839
British Virgin Islands,VGB,Arable land (hectares per person),AG.LND.ARBL.HA.PC,0.036289737
Brunei Darussalam,BRN,GDP growth (annual %),NY.GDP.MKTP.KD.ZG,2.598965746
Brunei Darussalam,BRN,"Population ages 15-64, total",SP.POP.1564.TO,279627
Brunei Darussalam,BRN,Arable land (hectares per person),AG.LND.ARBL.HA.PC,0.010099658
Bulgaria,BGR,GDP growth (annual %),NY.GDP.MKTP.KD.ZG,1.555359513
Bulgaria,BGR,"Population ages 15-64, total",SP.POP.1564.TO,5015444
Bulgaria,BGR,Arable land (hectares per person),AG.LND.ARBL.HA.PC,0.430796748
Burkina Faso,BFA,GDP growth (annual %),NY.GDP.MKTP.KD.ZG,8.446281577
Burkina Faso,BFA,"Population ages 15-64, total",SP.POP.1564.TO,8328092
Burkina Faso,BFA,Arable land (hectares per person),AG.LND.ARBL.HA.PC,0.313212667
Burundi,BDI,GDP growth (annual %),NY.GDP.MKTP.KD.ZG,5.124159994
Burundi,BDI,"Population ages 15-64, total",SP.POP.1564.TO,4818278
Burundi,BDI,Arable land (hectares per person),AG.LND.ARBL.HA.PC,0.10409128
Cabo Verde,CPV,GDP growth (annual %),NY.GDP.MKTP.KD.ZG,1.83641915
Cabo Verde,CPV,"Population ages 15-64, total",SP.POP.1564.TO,322461
Cabo Verde,CPV,Arable land (hectares per person),AG.LND.ARBL.HA.PC,0.095930255
Cambodia,KHM,GDP growth (annual %),NY.GDP.MKTP.KD.ZG,5.963078573
Cambodia,KHM,"Population ages 15-64, total",SP.POP.1564.TO,9229566
Cambodia,KHM,Arable land (hectares per person),AG.LND.ARBL.HA.PC,0.260938605
Cameroon,CMR,GDP growth (annual %),NY.GDP.MKTP.KD.ZG,2.899024721
Cameroon,CMR,"Population ages 15-64, total",SP.POP.1564.TO,10570734
Cameroon,CMR,Arable land (hectares per person),AG.LND.ARBL.HA.PC,0.311902041
Canada,CAN,GDP growth (annual %),NY.GDP.MKTP.KD.ZG,3.090806374
Canada,CAN,"Population ages 15-64, total",SP.POP.1564.TO,23592245
Canada,CAN,Arable land (hectares per person),AG.LND.ARBL.HA.PC,1.108281812
Cayman Islands,CYM,GDP growth (annual %),NY.GDP.MKTP.KD.ZG,-2.715635262
Cayman Islands,CYM,"Population ages 15-64, total",SP.POP.1564.TO,41273
Cayman Islands,CYM,Arable land (hectares per person),AG.LND.ARBL.HA.PC,0.003698635
Central African Republic,CAF,GDP growth (annual %),NY.GDP.MKTP.KD.ZG,4.630818432
Central African Republic,CAF,"Population ages 15-64, total",SP.POP.1564.TO,2421653
Central African Republic,CAF,Arable land (hectares per person),AG.LND.ARBL.HA.PC,0.393556573
Chad,TCD,GDP growth (annual %),NY.GDP.MKTP.KD.ZG,13.55010086
Chad,TCD,"Population ages 15-64, total",SP.POP.1564.TO,5848080
Chad,TCD,Arable land (hectares per person),AG.LND.ARBL.HA.PC,0.353097637
Channel Islands,CHI,GDP growth (annual %),NY.GDP.MKTP.KD.ZG,..
Channel Islands,CHI,"Population ages 15-64, total",SP.POP.1564.TO,108347
Channel Islands,CHI,Arable land (hectares per person),AG.LND.ARBL.HA.PC,0.02746395
Chile,CHL,GDP growth (annual %),NY.GDP.MKTP.KD.ZG,5.851651017
Chile,CHL,"Population ages 15-64, total",SP.POP.1564.TO,11686611
Chile,CHL,Arable land (hectares per person),AG.LND.ARBL.HA.PC,0.074862789
China,CHN,GDP growth (annual %),NY.GDP.MKTP.KD.ZG,10.63587107
China,CHN,"Population ages 15-64, total",SP.POP.1564.TO,975573269
China,CHN,Arable land (hectares per person),AG.LND.ARBL.HA.PC,0.089804778
Colombia,COL,GDP growth (annual %),NY.GDP.MKTP.KD.ZG,4.494658971
Colombia,COL,"Population ages 15-64, total",SP.POP.1564.TO,30005339
Colombia,COL,Arable land (hectares per person),AG.LND.ARBL.HA.PC,0.039338534
Comoros,COM,GDP growth (annual %),NY.GDP.MKTP.KD.ZG,3.77776675
Comoros,COM,"Population ages 15-64, total",SP.POP.1564.TO,352544
Comoros,COM,Arable land (hectares per person),AG.LND.ARBL.HA.PC,0.099081741
"Congo, Dem. Rep.",COD,GDP growth (annual %),NY.GDP.MKTP.KD.ZG,7.107976576
"Congo, Dem. Rep.",COD,"Population ages 15-64, total",SP.POP.1564.TO,33676139
"Congo, Dem. Rep.",COD,Arable land (hectares per person),AG.LND.ARBL.HA.PC,0.137277112
"Congo, Rep.",COG,GDP growth (annual %),NY.GDP.MKTP.KD.ZG,9.931265431
"Congo, Rep.",COG,"Population ages 15-64, total",SP.POP.1564.TO,2518588
"Congo, Rep.",COG,Arable land (hectares per person),AG.LND.ARBL.HA.PC,0.114919633
Costa Rica,CRI,GDP growth (annual %),NY.GDP.MKTP.KD.ZG,5.360343477
Costa Rica,CRI,"Population ages 15-64, total",SP.POP.1564.TO,3135435
Costa Rica,CRI,Arable land (hectares per person),AG.LND.ARBL.HA.PC,0.048677571
Cote d'Ivoire,CIV,GDP growth (annual %),NY.GDP.MKTP.KD.ZG,6.848049399
Cote d'Ivoire,CIV,"Population ages 15-64, total",SP.POP.1564.TO,11295774
Cote d'Ivoire,CIV,Arable land (hectares per person),AG.LND.ARBL.HA.PC,0.137310333
Croatia,HRV,GDP growth (annual %),NY.GDP.MKTP.KD.ZG,-1.243071346
Croatia,HRV,"Population ages 15-64, total",SP.POP.1564.TO,2869698
Croatia,HRV,Arable land (hectares per person),AG.LND.ARBL.HA.PC,0.210549498
Cuba,CUB,GDP growth (annual %),NY.GDP.MKTP.KD.ZG,2.390352297
Cuba,CUB,"Population ages 15-64, total",SP.POP.1564.TO,7857563
Cuba,CUB,Arable land (hectares per person),AG.LND.ARBL.HA.PC,0.299723208
Curacao,CUW,GDP growth (annual %),NY.GDP.MKTP.KD.ZG,0.082306609
Curacao,CUW,"Population ages 15-64, total",SP.POP.1564.TO,98580
Curacao,CUW,Arable land (hectares per person),AG.LND.ARBL.HA.PC,..
Cyprus,CYP,GDP growth (annual %),NY.GDP.MKTP.KD.ZG,2.014695707
Cyprus,CYP,"Population ages 15-64, total",SP.POP.1564.TO,810597
Cyprus,CYP,Arable land (hectares per person),AG.LND.ARBL.HA.PC,0.073117663
Czechia,CZE,GDP growth (annual %),NY.GDP.MKTP.KD.ZG,2.434902159
Czechia,CZE,"Population ages 15-64, total",SP.POP.1564.TO,7346295
Czechia,CZE,Arable land (hectares per person),AG.LND.ARBL.HA.PC,0.243252842
Denmark,DNK,GDP growth (annual %),NY.GDP.MKTP.KD.ZG,1.870991147
Denmark,DNK,"Population ages 15-64, total",SP.POP.1564.TO,3629335
Denmark,DNK,Arable land (hectares per person),AG.LND.ARBL.HA.PC,0.436398403
Djibouti,DJI,GDP growth (annual %),NY.GDP.MKTP.KD.ZG,..
Djibouti,DJI,"Population ages 15-64, total",SP.POP.1564.TO,553210
Djibouti,DJI,Arable land (hectares per person),AG.LND.ARBL.HA.PC,0.001740646
Dominica,DMA,GDP growth (annual %),NY.GDP.MKTP.KD.ZG,0.6726344
Dominica,DMA,"Population ages 15-64, total",SP.POP.1564.TO,44843
Dominica,DMA,Arable land (hectares per person),AG.LND.ARBL.HA.PC,0.087266381
Dominican Republic,DOM,GDP growth (annual %),NY.GDP.MKTP.KD.ZG,8.33965106
Dominican Republic,DOM,"Population ages 15-64, total",SP.POP.1564.TO,6236035
Dominican Republic,DOM,Arable land (hectares per person),AG.LND.ARBL.HA.PC,0.081835111
Ecuador,ECU,GDP growth (annual %),NY.GDP.MKTP.KD.ZG,3.525298669
Ecuador,ECU,"Population ages 15-64, total",SP.POP.1564.TO,9437031
Ecuador,ECU,Arable land (hectares per person),AG.LND.ARBL.HA.PC,0.079148289
"Egypt, Arab Rep.",EGY,GDP growth (annual %),NY.GDP.MKTP.KD.ZG,5.147234858
"Egypt, Arab Rep.",EGY,"Population ages 15-64, total",SP.POP.1564.TO,54599324
"Egypt, Arab Rep.",EGY,Arable land (hectares per person),AG.LND.ARBL.HA.PC,0.032927456
El Salvador,SLV,GDP growth (annual %),NY.GDP.MKTP.KD.ZG,2.154195011
El Salvador,SLV,"Population ages 15-64, total",SP.POP.1564.TO,3744571
El Salvador,SLV,Arable land (hectares per person),AG.LND.ARBL.HA.PC,0.107196002
Equatorial Guinea,GNQ,GDP growth (annual %),NY.GDP.MKTP.KD.ZG,-8.924175889
Equatorial Guinea,GNQ,"Population ages 15-64, total",SP.POP.1564.TO,631716
Equatorial Guinea,GNQ,Arable land (hectares per person),AG.LND.ARBL.HA.PC,0.049336515
Eritrea,ERI,GDP growth (annual %),NY.GDP.MKTP.KD.ZG,2.194190349
Eritrea,ERI,"Population ages 15-64, total",SP.POP.1564.TO,1693784
Eritrea,ERI,Arable land (hectares per person),AG.LND.ARBL.HA.PC,0.219205795
Estonia,EST,GDP growth (annual %),NY.GDP.MKTP.KD.ZG,2.444265118
Estonia,EST,"Population ages 15-64, total",SP.POP.1564.TO,896373
Estonia,EST,Arable land (hectares per person),AG.LND.ARBL.HA.PC,0.484425168
Eswatini,SWZ,GDP growth (annual %),NY.GDP.MKTP.KD.ZG,3.793754968
Eswatini,SWZ,"Population ages 15-64, total",SP.POP.1564.TO,642110
Eswatini,SWZ,Arable land (hectares per person),AG.LND.ARBL.HA.PC,0.160920794
Ethiopia,ETH,GDP growth (annual %),NY.GDP.MKTP.KD.ZG,12.55053835
Ethiopia,ETH,"Population ages 15-64, total",SP.POP.1564.TO,46533575
Ethiopia,ETH,Arable land (hectares per person),AG.LND.ARBL.HA.PC,0.163215604
Faroe Islands,FRO,GDP growth (annual %),NY.GDP.MKTP.KD.ZG,-0.576939114
Faroe Islands,FRO,"Population ages 15-64, total",SP.POP.1564.TO,30699
Faroe Islands,FRO,Arable land (hectares per person),AG.LND.ARBL.HA.PC,0.001322041
Fiji,FJI,GDP growth (annual %),NY.GDP.MKTP.KD.ZG,2.954672422
Fiji,FJI,"Population ages 15-64, total",SP.POP.1564.TO,585967
Fiji,FJI,Arable land (hectares per person),AG.LND.ARBL.HA.PC,0.069821216
Finland,FIN,GDP growth (annual %),NY.GDP.MKTP.KD.ZG,3.185958654
Finland,FIN,"Population ages 15-64, total",SP.POP.1564.TO,3549606
Finland,FIN,Arable land (hectares per person),AG.LND.ARBL.HA.PC,0.420408729
France,FRA,GDP growth (annual %),NY.GDP.MKTP.KD.ZG,1.949437623
France,FRA,"Population ages 15-64, total",SP.POP.1564.TO,42084351
France,FRA,Arable land (hectares per person),AG.LND.ARBL.HA.PC,0.281416857
French Polynesia,PYF,GDP growth (annual %),NY.GDP.MKTP.KD.ZG,-2.46606419
French Polynesia,PYF,"Population ages 15-64, total",SP.POP.1564.TO,193133
French Polynesia,PYF,Arable land (hectares per person),AG.LND.ARBL.HA.PC,0.008809393
Gabon,GAB,GDP growth (annual %),NY.GDP.MKTP.KD.ZG,7.089887315
Gabon,GAB,"Population ages 15-64, total",SP.POP.1564.TO,1000174
Gabon,GAB,Arable land (hectares per person),AG.LND.ARBL.HA.PC,0.189935743
"Gambia, The",GMB,GDP growth (annual %),NY.GDP.MKTP.KD.ZG,5.90833581
"Gambia, The",GMB,"Population ages 15-64, total",SP.POP.1564.TO,995322
"Gambia, The",GMB,Arable land (hectares per person),AG.LND.ARBL.HA.PC,0.23228504
Georgia,GEO,GDP growth (annual %),NY.GDP.MKTP.KD.ZG,6.232310183
Georgia,GEO,"Population ages 15-64, total",SP.POP.1564.TO,2570644
Georgia,GEO,Arable land (hectares per person),AG.LND.ARBL.HA.PC,0.1043126
Germany,DEU,GDP growth (annual %),NY.GDP.MKTP.KD.ZG,4.179882499
Germany,DEU,"Population ages 15-64, total",SP.POP.1564.TO,53930401
Germany,DEU,Arable land (hectares per person),AG.LND.ARBL.HA.PC,0.14485748
Ghana,GHA,GDP growth (annual %),NY.GDP.MKTP.KD.ZG,7.899711941
Ghana,GHA,"Population ages 15-64, total",SP.POP.1564.TO,14746366
Ghana,GHA,Arable land (hectares per person),AG.LND.ARBL.HA.PC,0.165293499
Gibraltar,GIB,GDP growth (annual %),NY.GDP.MKTP.KD.ZG,..
Gibraltar,GIB,"Population ages 15-64, total",SP.POP.1564.TO,20716
Gibraltar,GIB,Arable land (hectares per person),AG.LND.ARBL.HA.PC,..
Greece,GRC,GDP growth (annual %),NY.GDP.MKTP.KD.ZG,-5.477808049
Greece,GRC,"Population ages 15-64, total",SP.POP.1564.TO,7360393
Greece,GRC,Arable land (hectares per person),AG.LND.ARBL.HA.PC,0.230817489
Greenland,GRL,GDP growth (annual %),NY.GDP.MKTP.KD.ZG,1.735825059
Greenland,GRL,"Population ages 15-64, total",SP.POP.1564.TO,40171
Greenland,GRL,Arable land (hectares per person),AG.LND.ARBL.HA.PC,..
Grenada,GRD,GDP growth (annual %),NY.GDP.MKTP.KD.ZG,-0.511146187
Grenada,GRD,"Population ages 15-64, total",SP.POP.1564.TO,75552
Grenada,GRD,Arable land (hectares per person),AG.LND.ARBL.HA.PC,0.02630679
Guam,GUM,GDP growth (annual %),NY.GDP.MKTP.KD.ZG,2.263251936
Guam,GUM,"Population ages 15-64, total",SP.POP.1564.TO,109228
Guam,GUM,Arable land (hectares per person),AG.LND.ARBL.HA.PC,0.006064098
Guatemala,GTM,GDP growth (annual %),NY.GDP.MKTP.KD.ZG,2.884175428
Guatemala,GTM,"Population ages 15-64, total",SP.POP.1564.TO,8095003
Guatemala,GTM,Arable land (hectares per person),AG.LND.ARBL.HA.PC,0.105205675
Guinea,GIN,GDP growth (annual %),NY.GDP.MKTP.KD.ZG,4.813360169
Guinea,GIN,"Population ages 15-64, total",SP.POP.1564.TO,5318008
Guinea,GIN,Arable land (hectares per person),AG.LND.ARBL.HA.PC,0.282355837
Guinea-Bissau,GNB,GDP growth (annual %),NY.GDP.MKTP.KD.ZG,4.6109709
Guinea-Bissau,GNB,"Population ages 15-64, total",SP.POP.1564.TO,842640
Guinea-Bissau,GNB,Arable land (hectares per person),AG.LND.ARBL.HA.PC,0.191421753
Guyana,GUY,GDP growth (annual %),NY.GDP.MKTP.KD.ZG,4.138441601
Guyana,GUY,"Population ages 15-64, total",SP.POP.1564.TO,472354
Guyana,GUY,Arable land (hectares per person),AG.LND.ARBL.HA.PC,0.561548376
Haiti,HTI,GDP growth (annual %),NY.GDP.MKTP.KD.ZG,-5.651511534
Haiti,HTI,"Population ages 15-64, total",SP.POP.1564.TO,5905094
Haiti,HTI,Arable land (hectares per person),AG.LND.ARBL.HA.PC,0.119883611
Honduras,HND,GDP growth (annual %),NY.GDP.MKTP.KD.ZG,3.731140344
Honduras,HND,"Population ages 15-64, total",SP.POP.1564.TO,5002497
Honduras,HND,Arable land (hectares per person),AG.LND.ARBL.HA.PC,0.120460072
"Hong Kong SAR, China",HKG,GDP growth (annual %),NY.GDP.MKTP.KD.ZG,6.767690547
"Hong Kong SAR, China",HKG,"Population ages 15-64, total",SP.POP.1564.TO,5228958
"Hong Kong SAR, China",HKG,Arable land (hectares per person),AG.LND.ARBL.HA.PC,0.000498277
Hungary,HUN,GDP growth (annual %),NY.GDP.MKTP.KD.ZG,1.076254043
Hungary,HUN,"Population ages 15-64, total",SP.POP.1564.TO,6874888
Hungary,HUN,Arable land (hectares per person),AG.LND.ARBL.HA.PC,0.43919899
Iceland,ISL,GDP growth (annual %),NY.GDP.MKTP.KD.ZG,-2.832774915
Iceland,ISL,"Population ages 15-64, total",SP.POP.1564.TO,212920
Iceland,ISL,Arable land (hectares per person),AG.LND.ARBL.HA.PC,0.38674259
India,IND,GDP growth (annual %),NY.GDP.MKTP.KD.ZG,8.497584702
India,IND,"Population ages 15-64, total",SP.POP.1564.TO,793438411
India,IND,Arable land (hectares per person),AG.LND.ARBL.HA.PC,0.126557534
Indonesia,IDN,GDP growth (annual %),NY.GDP.MKTP.KD.ZG,6.22385418
Indonesia,IDN,"Population ages 15-64, total",SP.POP.1564.TO,161537956
Indonesia,IDN,Arable land (hectares per person),AG.LND.ARBL.HA.PC,0.095813321
"Iran, Islamic Rep.",IRN,GDP growth (annual %),NY.GDP.MKTP.KD.ZG,5.797938296
"Iran, Islamic Rep.",IRN,"Population ages 15-64, total",SP.POP.1564.TO,54810078
"Iran, Islamic Rep.",IRN,Arable land (hectares per person),AG.LND.ARBL.HA.PC,0.204182206
Iraq,IRQ,GDP growth (annual %),NY.GDP.MKTP.KD.ZG,6.402564845
Iraq,IRQ,"Population ages 15-64, total",SP.POP.1564.TO,17425807
Iraq,IRQ,Arable land (hectares per person),AG.LND.ARBL.HA.PC,0.127939101
Ireland,IRL,GDP growth (annual %),NY.GDP.MKTP.KD.ZG,1.682972022
Ireland,IRL,"Population ages 15-64, total",SP.POP.1564.TO,3080449
Ireland,IRL,Arable land (hectares per person),AG.LND.ARBL.HA.PC,0.096233571
Isle of Man,IMN,GDP growth (annual %),NY.GDP.MKTP.KD.ZG,3.399998424
Isle of Man,IMN,"Population ages 15-64, total",SP.POP.1564.TO,55127
Isle of Man,IMN,Arable land (hectares per person),AG.LND.ARBL.HA.PC,0.3027628
Israel,ISR,GDP growth (annual %),NY.GDP.MKTP.KD.ZG,5.668515118
Israel,ISR,"Population ages 15-64, total",SP.POP.1564.TO,4742275
Israel,ISR,Arable land (hectares per person),AG.LND.ARBL.HA.PC,0.038511989
Italy,ITA,GDP growth (annual %),NY.GDP.MKTP.KD.ZG,1.713295839
Italy,ITA,"Population ages 15-64, total",SP.POP.1564.TO,38830477
Italy,ITA,Arable land (hectares per person),AG.LND.ARBL.HA.PC,0.118797349
Jamaica,JAM,GDP growth (annual %),NY.GDP.MKTP.KD.ZG,-1.457147209
Jamaica,JAM,"Population ages 15-64, total",SP.POP.1564.TO,1847528
Jamaica,JAM,Arable land (hectares per person),AG.LND.ARBL.HA.PC,0.043893403
Japan,JPN,GDP growth (annual %),NY.GDP.MKTP.KD.ZG,4.097917919
Japan,JPN,"Population ages 15-64, total",SP.POP.1564.TO,80939051
Japan,JPN,Arable land (hectares per person),AG.LND.ARBL.HA.PC,0.03343484
Jordan,JOR,GDP growth (annual %),NY.GDP.MKTP.KD.ZG,2.314834221
Jordan,JOR,"Population ages 15-64, total",SP.POP.1564.TO,4153580
Jordan,JOR,Arable land (hectares per person),AG.LND.ARBL.HA.PC,0.025623054
Kazakhstan,KAZ,GDP growth (annual %),NY.GDP.MKTP.KD.ZG,7.300000003
Kazakhstan,KAZ,"Population ages 15-64, total",SP.POP.1564.TO,11193587
Kazakhstan,KAZ,Arable land (hectares per person),AG.LND.ARBL.HA.PC,1.757384202
Kenya,KEN,GDP growth (annual %),NY.GDP.MKTP.KD.ZG,8.058473603
Kenya,KEN,"Population ages 15-64, total",SP.POP.1564.TO,22669400
Kenya,KEN,Arable land (hectares per person),AG.LND.ARBL.HA.PC,0.132472997
Kiribati,KIR,GDP growth (annual %),NY.GDP.MKTP.KD.ZG,-1.120260261
Kiribati,KIR,"Population ages 15-64, total",SP.POP.1564.TO,65030
Kiribati,KIR,Arable land (hectares per person),AG.LND.ARBL.HA.PC,0.018519376
"Korea, Dem. People's Rep.",PRK,GDP growth (annual %),NY.GDP.MKTP.KD.ZG,..
"Korea, Dem. People's Rep.",PRK,"Population ages 15-64, total",SP.POP.1564.TO,16969785
"Korea, Dem. People's Rep.",PRK,Arable land (hectares per person),AG.LND.ARBL.HA.PC,0.097219384
"Korea, Rep.",KOR,GDP growth (annual %),NY.GDP.MKTP.KD.ZG,6.804824918
"Korea, Rep.",KOR,"Population ages 15-64, total",SP.POP.1564.TO,35953443
"Korea, Rep.",KOR,Arable land (hectares per person),AG.LND.ARBL.HA.PC,0.0304112
Kosovo,XKX,GDP growth (annual %),NY.GDP.MKTP.KD.ZG,4.939950549
Kosovo,XKX,"Population ages 15-64, total",SP.POP.1564.TO,1152746
Kosovo,XKX,Arable land (hectares per person),AG.LND.ARBL.HA.PC,..
Kuwait,KWT,GDP growth (annual %),NY.GDP.MKTP.KD.ZG,-2.37026412
Kuwait,KWT,"Population ages 15-64, total",SP.POP.1564.TO,2212613
Kuwait,KWT,Arable land (hectares per person),AG.LND.ARBL.HA.PC,0.003397482
Kyrgyz Republic,KGZ,GDP growth (annual %),NY.GDP.MKTP.KD.ZG,-0.471566601
Kyrgyz Republic,KGZ,"Population ages 15-64, total",SP.POP.1564.TO,3547634
Kyrgyz Republic,KGZ,Arable land (hectares per person),AG.LND.ARBL.HA.PC,0.234255401
Lao PDR,LAO,GDP growth (annual %),NY.GDP.MKTP.KD.ZG,8.526905517
Lao PDR,LAO,"Population ages 15-64, total",SP.POP.1564.TO,3804527
Lao PDR,LAO,Arable land (hectares per person),AG.LND.ARBL.HA.PC,0.22139925
Latvia,LVA,GDP growth (annual %),NY.GDP.MKTP.KD.ZG,-4.45556726
Latvia,LVA,"Population ages 15-64, total",SP.POP.1564.TO,1409997
Latvia,LVA,Arable land (hectares per person),AG.LND.ARBL.HA.PC,0.559222523
Lebanon,LBN,GDP growth (annual %),NY.GDP.MKTP.KD.ZG,7.975135558
Lebanon,LBN,"Population ages 15-64, total",SP.POP.1564.TO,3403018
Lebanon,LBN,Arable land (hectares per person),AG.LND.ARBL.HA.PC,0.022819168
Lesotho,LSO,GDP growth (annual %),NY.GDP.MKTP.KD.ZG,5.269670781
Lesotho,LSO,"Population ages 15-64, total",SP.POP.1564.TO,1206870
Lesotho,LSO,Arable land (hectares per person),AG.LND.ARBL.HA.PC,0.159189459
Liberia,LBR,GDP growth (annual %),NY.GDP.MKTP.KD.ZG,6.09982524
Liberia,LBR,"Population ages 15-64, total",SP.POP.1564.TO,2137560
Liberia,LBR,Arable land (hectares per person),AG.LND.ARBL.HA.PC,0.119404292
Libya,LBY,GDP growth (annual %),NY.GDP.MKTP.KD.ZG,5.027247672
Libya,LBY,"Population ages 15-64, total",SP.POP.1564.TO,4296417
Libya,LBY,Arable land (hectares per person),AG.LND.ARBL.HA.PC,0.264325812
Liechtenstein,LIE,GDP growth (annual %),NY.GDP.MKTP.KD.ZG,..
Liechtenstein,LIE,"Population ages 15-64, total",SP.POP.1564.TO,25194
Liechtenstein,LIE,Arable land (hectares per person),AG.LND.ARBL.HA.PC,0.064855536
Lithuania,LTU,GDP growth (annual %),NY.GDP.MKTP.KD.ZG,1.651240653
Lithuania,LTU,"Population ages 15-64, total",SP.POP.1564.TO,2079598
Lithuania,LTU,Arable land (hectares per person),AG.LND.ARBL.HA.PC,0.686860286
Luxembourg,LUX,GDP growth (annual %),NY.GDP.MKTP.KD.ZG,3.760413593
Luxembourg,LUX,"Population ages 15-64, total",SP.POP.1564.TO,346776
Luxembourg,LUX,Arable land (hectares per person),AG.LND.ARBL.HA.PC,0.122200677
"Macao SAR, China",MAC,GDP growth (annual %),NY.GDP.MKTP.KD.ZG,25.12259456
"Macao SAR, China",MAC,"Population ages 15-64, total",SP.POP.1564.TO,445702
"Macao SAR, China",MAC,Arable land (hectares per person),AG.LND.ARBL.HA.PC,..
Madagascar,MDG,GDP growth (annual %),NY.GDP.MKTP.KD.ZG,0.619239745
Madagascar,MDG,"Population ages 15-64, total",SP.POP.1564.TO,11749639
Madagascar,MDG,Arable land (hectares per person),AG.LND.ARBL.HA.PC,0.138051295
Malawi,MWI,GDP growth (annual %),NY.GDP.MKTP.KD.ZG,6.874065854
Malawi,MWI,"Population ages 15-64, total",SP.POP.1564.TO,7304667
Malawi,MWI,Arable land (hectares per person),AG.LND.ARBL.HA.PC,0.237797231
Malaysia,MYS,GDP growth (annual %),NY.GDP.MKTP.KD.ZG,7.424847383
Malaysia,MYS,"Population ages 15-64, total",SP.POP.1564.TO,19258859
Malaysia,MYS,Arable land (hectares per person),AG.LND.ARBL.HA.PC,0.029748172
Maldives,MDV,GDP growth (annual %),NY.GDP.MKTP.KD.ZG,6.835471394
Maldives,MDV,"Population ages 15-64, total",SP.POP.1564.TO,252544
Maldives,MDV,Arable land (hectares per person),AG.LND.ARBL.HA.PC,0.010786144
Mali,MLI,GDP growth (annual %),NY.GDP.MKTP.KD.ZG,5.313935279
Mali,MLI,"Population ages 15-64, total",SP.POP.1564.TO,7768771
Mali,MLI,Arable land (hectares per person),AG.LND.ARBL.HA.PC,0.403176446
Malta,MLT,GDP growth (annual %),NY.GDP.MKTP.KD.ZG,5.543640011
Malta,MLT,"Population ages 15-64, total",SP.POP.1564.TO,285771
Malta,MLT,Arable land (hectares per person),AG.LND.ARBL.HA.PC,0.021905488
Marshall Islands,MHL,GDP growth (annual %),NY.GDP.MKTP.KD.ZG,5.446764506
Marshall Islands,MHL,"Population ages 15-64, total",SP.POP.1564.TO,31175
Marshall Islands,MHL,Arable land (hectares per person),AG.LND.ARBL.HA.PC,0.009360491
Mauritania,MRT,GDP growth (annual %),NY.GDP.MKTP.KD.ZG,2.620229521
Mauritania,MRT,"Population ages 15-64, total",SP.POP.1564.TO,1818389
Mauritania,MRT,Arable land (hectares per person),AG.LND.ARBL.HA.PC,0.131599688
Mauritius,MUS,GDP growth (annual %),NY.GDP.MKTP.KD.ZG,4.377203223
Mauritius,MUS,"Population ages 15-64, total",SP.POP.1564.TO,881583
Mauritius,MUS,Arable land (hectares per person),AG.LND.ARBL.HA.PC,0.063979527
Mexico,MEX,GDP growth (annual %),NY.GDP.MKTP.KD.ZG,4.971334562
Mexico,MEX,"Population ages 15-64, total",SP.POP.1564.TO,71958813
Mexico,MEX,Arable land (hectares per person),AG.LND.ARBL.HA.PC,0.203790196
"Micronesia, Fed. Sts.",FSM,GDP growth (annual %),NY.GDP.MKTP.KD.ZG,2.259389956
"Micronesia, Fed. Sts.",FSM,"Population ages 15-64, total",SP.POP.1564.TO,65889
"Micronesia, Fed. Sts.",FSM,Arable land (hectares per person),AG.LND.ARBL.HA.PC,0.018589434
Moldova,MDA,GDP growth (annual %),NY.GDP.MKTP.KD.ZG,7.100000107
Moldova,MDA,"Population ages 15-64, total",SP.POP.1564.TO,2045520
Moldova,MDA,Arable land (hectares per person),AG.LND.ARBL.HA.PC,0.633394751
Monaco,MCO,GDP growth (annual %),NY.GDP.MKTP.KD.ZG,2.065220038
Monaco,MCO,"Population ages 15-64, total",SP.POP.1564.TO,19792
Monaco,MCO,Arable land (hectares per person),AG.LND.ARBL.HA.PC,..
Mongolia,MNG,GDP growth (annual %),NY.GDP.MKTP.KD.ZG,6.365161679
Mongolia,MNG,"Population ages 15-64, total",SP.POP.1564.TO,1840483
Mongolia,MNG,Arable land (hectares per person),AG.LND.ARBL.HA.PC,0.457362018
Montenegro,MNE,GDP growth (annual %),NY.GDP.MKTP.KD.ZG,2.734331082
Montenegro,MNE,"Population ages 15-64, total",SP.POP.1564.TO,419140
Montenegro,MNE,Arable land (hectares per person),AG.LND.ARBL.HA.PC,0.277675533
Morocco,MAR,GDP growth (annual %),NY.GDP.MKTP.KD.ZG,3.499557094
Morocco,MAR,"Population ages 15-64, total",SP.POP.1564.TO,21398743
Morocco,MAR,Arable land (hectares per person),AG.LND.ARBL.HA.PC,0.238082
Mozambique,MOZ,GDP growth (annual %),NY.GDP.MKTP.KD.ZG,6.679729357
Mozambique,MOZ,"Population ages 15-64, total",SP.POP.1564.TO,11976231
Mozambique,MOZ,Arable land (hectares per person),AG.LND.ARBL.HA.PC,0.244867289
Myanmar,MMR,GDP growth (annual %),NY.GDP.MKTP.KD.ZG,9.634439452
Myanmar,MMR,"Population ages 15-64, total",SP.POP.1564.TO,32857563
Myanmar,MMR,Arable land (hectares per person),AG.LND.ARBL.HA.PC,0.218886085
Namibia,NAM,GDP growth (annual %),NY.GDP.MKTP.KD.ZG,6.03924948
Namibia,NAM,"Population ages 15-64, total",SP.POP.1564.TO,1250196
Namibia,NAM,Arable land (hectares per person),AG.LND.ARBL.HA.PC,0.381084672
Nauru,NRU,GDP growth (annual %),NY.GDP.MKTP.KD.ZG,-1.612903226
Nauru,NRU,"Population ages 15-64, total",SP.POP.1564.TO,6367
Nauru,NRU,Arable land (hectares per person),AG.LND.ARBL.HA.PC,..
Nepal,NPL,GDP growth (annual %),NY.GDP.MKTP.KD.ZG,4.816414647
Nepal,NPL,"Population ages 15-64, total",SP.POP.1564.TO,16056222
Nepal,NPL,Arable land (hectares per person),AG.LND.ARBL.HA.PC,0.080260465
Netherlands,NLD,GDP growth (annual %),NY.GDP.MKTP.KD.ZG,1.342739336
Netherlands,NLD,"Population ages 15-64, total",SP.POP.1564.TO,11139436
Netherlands,NLD,Arable land (hectares per person),AG.LND.ARBL.HA.PC,0.061545336
New Caledonia,NCL,GDP growth (annual %),NY.GDP.MKTP.KD.ZG,..
New Caledonia,NCL,"Population ages 15-64, total",SP.POP.1564.TO,166206
New Caledonia,NCL,Arable land (hectares per person),AG.LND.ARBL.HA.PC,0.027227227
New Zealand,NZL,GDP growth (annual %),NY.GDP.MKTP.KD.ZG,1.466751165
New Zealand,NZL,"Population ages 15-64, total",SP.POP.1564.TO,2879117
New Zealand,NZL,Arable land (hectares per person),AG.LND.ARBL.HA.PC,0.114694187
Nicaragua,NIC,GDP growth (annual %),NY.GDP.MKTP.KD.ZG,4.410481398
Nicaragua,NIC,"Population ages 15-64, total",SP.POP.1564.TO,3610323
Nicaragua,NIC,Arable land (hectares per person),AG.LND.ARBL.HA.PC,0.26555168
Niger,NER,GDP growth (annual %),NY.GDP.MKTP.KD.ZG,8.578166743
Niger,NER,"Population ages 15-64, total",SP.POP.1564.TO,8078095
Niger,NER,Arable land (hectares per person),AG.LND.ARBL.HA.PC,0.907040757
Nigeria,NGA,GDP growth (annual %),NY.GDP.MKTP.KD.ZG,8.005655916
Nigeria,NGA,"Population ages 15-64, total",SP.POP.1564.TO,84736977
Nigeria,NGA,Arable land (hectares per person),AG.LND.ARBL.HA.PC,0.223295203
North Macedonia,MKD,GDP growth (annual %),NY.GDP.MKTP.KD.ZG,3.358750858
North Macedonia,MKD,"Population ages 15-64, total",SP.POP.1564.TO,1441576
North Macedonia,MKD,Arable land (hectares per person),AG.LND.ARBL.HA.PC,0.201459462
Northern Mariana Islands,MNP,GDP growth (annual %),NY.GDP.MKTP.KD.ZG,1.395939086
Northern Mariana Islands,MNP,"Population ages 15-64, total",SP.POP.1564.TO,37693
Northern Mariana Islands,MNP,Arable land (hectares per person),AG.LND.ARBL.HA.PC,0.004622183
Norway,NOR,GDP growth (annual %),NY.GDP.MKTP.KD.ZG,0.787051845
Norway,NOR,"Population ages 15-64, total",SP.POP.1564.TO,3237006
Norway,NOR,Arable land (hectares per person),AG.LND.ARBL.HA.PC,0.168860186
Oman,OMN,GDP growth (annual %),NY.GDP.MKTP.KD.ZG,1.713985311
Oman,OMN,"Population ages 15-64, total",SP.POP.1564.TO,2033368
Oman,OMN,Arable land (hectares per person),AG.LND.ARBL.HA.PC,0.011901812
Pakistan,PAK,GDP growth (annual %),NY.GDP.MKTP.KD.ZG,1.501717522
Pakistan,PAK,"Population ages 15-64, total",SP.POP.1564.TO,110893362
Pakistan,PAK,Arable land (hectares per person),AG.LND.ARBL.HA.PC,0.151140757
Palau,PLW,GDP growth (annual %),NY.GDP.MKTP.KD.ZG,0.216093492
Palau,PLW,"Population ages 15-64, total",SP.POP.1564.TO,13454
Palau,PLW,Arable land (hectares per person),AG.LND.ARBL.HA.PC,0.01618123
Panama,PAN,GDP growth (annual %),NY.GDP.MKTP.KD.ZG,5.827993448
Panama,PAN,"Population ages 15-64, total",SP.POP.1564.TO,2331763
Panama,PAN,Arable land (hectares per person),AG.LND.ARBL.HA.PC,0.156995069
Papua New Guinea,PNG,GDP growth (annual %),NY.GDP.MKTP.KD.ZG,10.12845407
Papua New Guinea,PNG,"Population ages 15-64, total",SP.POP.1564.TO,4514741
Papua New Guinea,PNG,Arable land (hectares per person),AG.LND.ARBL.HA.PC,0.039560775
Paraguay,PRY,GDP growth (annual %),NY.GDP.MKTP.KD.ZG,11.09523127
Paraguay,PRY,"Population ages 15-64, total",SP.POP.1564.TO,3574925
Paraguay,PRY,Arable land (hectares per person),AG.LND.ARBL.HA.PC,0.689073786
Peru,PER,GDP growth (annual %),NY.GDP.MKTP.KD.ZG,8.332459107
Peru,PER,"Population ages 15-64, total",SP.POP.1564.TO,18424636
Peru,PER,Arable land (hectares per person),AG.LND.ARBL.HA.PC,0.166143384
Philippines,PHL,GDP growth (annual %),NY.GDP.MKTP.KD.ZG,7.334499965
Philippines,PHL,"Population ages 15-64, total",SP.POP.1564.TO,57948012
Philippines,PHL,Arable land (hectares per person),AG.LND.ARBL.HA.PC,0.056003643
Poland,POL,GDP growth (annual %),NY.GDP.MKTP.KD.ZG,2.934638181
Poland,POL,"Population ages 15-64, total",SP.POP.1564.TO,27149441
Poland,POL,Arable land (hectares per person),AG.LND.ARBL.HA.PC,0.28465312
Portugal,PRT,GDP growth (annual %),NY.GDP.MKTP.KD.ZG,1.737625476
Portugal,PRT,"Population ages 15-64, total",SP.POP.1564.TO,7002934
Portugal,PRT,Arable land (hectares per person),AG.LND.ARBL.HA.PC,0.108536758
Puerto Rico,PRI,GDP growth (annual %),NY.GDP.MKTP.KD.ZG,-0.413254118
Puerto Rico,PRI,"Population ages 15-64, total",SP.POP.1564.TO,2446362
Puerto Rico,PRI,Arable land (hectares per person),AG.LND.ARBL.HA.PC,0.013220387
Qatar,QAT,GDP growth (annual %),NY.GDP.MKTP.KD.ZG,19.59233153
Qatar,QAT,"Population ages 15-64, total",SP.POP.1564.TO,1462044
Qatar,QAT,Arable land (hectares per person),AG.LND.ARBL.HA.PC,0.00894658
Romania,ROU,GDP growth (annual %),NY.GDP.MKTP.KD.ZG,-3.90123628
Romania,ROU,"Population ages 15-64, total",SP.POP.1564.TO,13873031
Romania,ROU,Arable land (hectares per person),AG.LND.ARBL.HA.PC,0.451724121
Russian Federation,RUS,GDP growth (annual %),NY.GDP.MKTP.KD.ZG,4.499999999
Russian Federation,RUS,"Population ages 15-64, total",SP.POP.1564.TO,102920842
Russian Federation,RUS,Arable land (hectares per person),AG.LND.ARBL.HA.PC,0.851588751
Rwanda,RWA,GDP growth (annual %),NY.GDP.MKTP.KD.ZG,7.33464809
Rwanda,RWA,"Population ages 15-64, total",SP.POP.1564.TO,5640377
Rwanda,RWA,Arable land (hectares per person),AG.LND.ARBL.HA.PC,0.114850756
Samoa,WSM,GDP growth (annual %),NY.GDP.MKTP.KD.ZG,6.124719923
Samoa,WSM,"Population ages 15-64, total",SP.POP.1564.TO,109408
Samoa,WSM,Arable land (hectares per person),AG.LND.ARBL.HA.PC,0.061642147
San Marino,SMR,GDP growth (annual %),NY.GDP.MKTP.KD.ZG,-5.473684211
San Marino,SMR,"Population ages 15-64, total",SP.POP.1564.TO,21278
San Marino,SMR,Arable land (hectares per person),AG.LND.ARBL.HA.PC,0.03163756
Sao Tome and Principe,STP,GDP growth (annual %),NY.GDP.MKTP.KD.ZG,1.448434005
Sao Tome and Principe,STP,"Population ages 15-64, total",SP.POP.1564.TO,98688
Sao Tome and Principe,STP,Arable land (hectares per person),AG.LND.ARBL.HA.PC,0.032942055
Saudi Arabia,SAU,GDP growth (annual %),NY.GDP.MKTP.KD.ZG,5.039492888
Saudi Arabia,SAU,"Population ages 15-64, total",SP.POP.1564.TO,20108426
Saudi Arabia,SAU,Arable land (hectares per person),AG.LND.ARBL.HA.PC,0.108119396
Senegal,SEN,GDP growth (annual %),NY.GDP.MKTP.KD.ZG,3.390889253
Senegal,SEN,"Population ages 15-64, total",SP.POP.1564.TO,6709671
Senegal,SEN,Arable land (hectares per person),AG.LND.ARBL.HA.PC,0.288903834
Serbia,SRB,GDP growth (annual %),NY.GDP.MKTP.KD.ZG,0.731044553
Serbia,SRB,"Population ages 15-64, total",SP.POP.1564.TO,4955033
Serbia,SRB,Arable land (hectares per person),AG.LND.ARBL.HA.PC,0.364029802
Seychelles,SYC,GDP growth (annual %),NY.GDP.MKTP.KD.ZG,4.505132043
Seychelles,SYC,"Population ages 15-64, total",SP.POP.1564.TO,62131
Seychelles,SYC,Arable land (hectares per person),AG.LND.ARBL.HA.PC,0.010025621
Sierra Leone,SLE,GDP growth (annual %),NY.GDP.MKTP.KD.ZG,6.637492458
Sierra Leone,SLE,"Population ages 15-64, total",SP.POP.1564.TO,3447195
Sierra Leone,SLE,Arable land (hectares per person),AG.LND.ARBL.HA.PC,0.245526511
Singapore,SGP,GDP growth (annual %),NY.GDP.MKTP.KD.ZG,14.51974971
Singapore,SGP,"Population ages 15-64, total",SP.POP.1564.TO,3987655
Singapore,SGP,Arable land (hectares per person),AG.LND.ARBL.HA.PC,0.000126065
Sint Maarten (Dutch part),SXM,GDP growth (annual %),NY.GDP.MKTP.KD.ZG,3.199994022
Sint Maarten (Dutch part),SXM,"Population ages 15-64, total",SP.POP.1564.TO,24679
Sint Maarten (Dutch part),SXM,Arable land (hectares per person),AG.LND.ARBL.HA.PC,..
Slovak Republic,SVK,GDP growth (annual %),NY.GDP.MKTP.KD.ZG,6.71663275
Slovak Republic,SVK,"Population ages 15-64, total",SP.POP.1564.TO,3882973
Slovak Republic,SVK,Arable land (hectares per person),AG.LND.ARBL.HA.PC,0.258187627
Slovenia,SVN,GDP growth (annual %),NY.GDP.MKTP.KD.ZG,1.343748472
Slovenia,SVN,"Population ages 15-64, total",SP.POP.1564.TO,1424723
Slovenia,SVN,Arable land (hectares per person),AG.LND.ARBL.HA.PC,0.090106186
Solomon Islands,SLB,GDP growth (annual %),NY.GDP.MKTP.KD.ZG,9.708388169
Solomon Islands,SLB,"Population ages 15-64, total",SP.POP.1564.TO,299283
Solomon Islands,SLB,Arable land (hectares per person),AG.LND.ARBL.HA.PC,0.037010033
Somalia,SOM,GDP growth (annual %),NY.GDP.MKTP.KD.ZG,..
Somalia,SOM,"Population ages 15-64, total",SP.POP.1564.TO,5924533
Somalia,SOM,Arable land (hectares per person),AG.LND.ARBL.HA.PC,0.091463549
South Africa,ZAF,GDP growth (annual %),NY.GDP.MKTP.KD.ZG,3.039732881
South Africa,ZAF,"Population ages 15-64, total",SP.POP.1564.TO,34370007
South Africa,ZAF,Arable land (hectares per person),AG.LND.ARBL.HA.PC,0.242020259
South Sudan,SSD,GDP growth (annual %),NY.GDP.MKTP.KD.ZG,5.493416395
South Sudan,SSD,"Population ages 15-64, total",SP.POP.1564.TO,5294093
South Sudan,SSD,Arable land (hectares per person),AG.LND.ARBL.HA.PC,..
Spain,ESP,GDP growth (annual %),NY.GDP.MKTP.KD.ZG,0.162919518
Spain,ESP,"Population ages 15-64, total",SP.POP.1564.TO,31708922
Spain,ESP,Arable land (hectares per person),AG.LND.ARBL.HA.PC,0.268974552
Sri Lanka,LKA,GDP growth (annual %),NY.GDP.MKTP.KD.ZG,8.01596737
Sri Lanka,LKA,"Population ages 15-64, total",SP.POP.1564.TO,13814694
Sri Lanka,LKA,Arable land (hectares per person),AG.LND.ARBL.HA.PC,0.058059206
St. Kitts and Nevis,KNA,GDP growth (annual %),NY.GDP.MKTP.KD.ZG,0.043977654
St. Kitts and Nevis,KNA,"Population ages 15-64, total",SP.POP.1564.TO,32574
St. Kitts and Nevis,KNA,Arable land (hectares per person),AG.LND.ARBL.HA.PC,0.094930701
St. Lucia,LCA,GDP growth (annual %),NY.GDP.MKTP.KD.ZG,0.330018546
St. Lucia,LCA,"Population ages 15-64, total",SP.POP.1564.TO,116447
St. Lucia,LCA,Arable land (hectares per person),AG.LND.ARBL.HA.PC,0.015619973
St. Martin (French part),MAF,GDP growth (annual %),NY.GDP.MKTP.KD.ZG,..
St. Martin (French part),MAF,"Population ages 15-64, total",SP.POP.1564.TO,24507
St. Martin (French part),MAF,Arable land (hectares per person),AG.LND.ARBL.HA.PC,..
St. Vincent and the Grenadines,VCT,GDP growth (annual %),NY.GDP.MKTP.KD.ZG,-4.470467935
St. Vincent and the Grenadines,VCT,"Population ages 15-64, total",SP.POP.1564.TO,71911
St. Vincent and the Grenadines,VCT,Arable land (hectares per person),AG.LND.ARBL.HA.PC,0.018296922
Sudan,SDN,GDP growth (annual %),NY.GDP.MKTP.KD.ZG,3.858241952
Sudan,SDN,"Population ages 15-64, total",SP.POP.1564.TO,18720308
Sudan,SDN,Arable land (hectares per person),AG.LND.ARBL.HA.PC,0.58914462
Suriname,SUR,GDP growth (annual %),NY.GDP.MKTP.KD.ZG,5.168825152
Suriname,SUR,"Population ages 15-64, total",SP.POP.1564.TO,350237
Suriname,SUR,Arable land (hectares per person),AG.LND.ARBL.HA.PC,0.100717844
Sweden,SWE,GDP growth (annual %),NY.GDP.MKTP.KD.ZG,5.952107008
Sweden,SWE,"Population ages 15-64, total",SP.POP.1564.TO,6105521
Sweden,SWE,Arable land (hectares per person),AG.LND.ARBL.HA.PC,0.279224229
Switzerland,CHE,GDP growth (annual %),NY.GDP.MKTP.KD.ZG,3.243397336
Switzerland,CHE,"Population ages 15-64, total",SP.POP.1564.TO,5324519
Switzerland,CHE,Arable land (hectares per person),AG.LND.ARBL.HA.PC,0.051597967
Syrian Arab Republic,SYR,GDP growth (annual %),NY.GDP.MKTP.KD.ZG,5.191905841
Syrian Arab Republic,SYR,"Population ages 15-64, total",SP.POP.1564.TO,13437137
Syrian Arab Republic,SYR,Arable land (hectares per person),AG.LND.ARBL.HA.PC,0.209825933
Tajikistan,TJK,GDP growth (annual %),NY.GDP.MKTP.KD.ZG,6.499999086
Tajikistan,TJK,"Population ages 15-64, total",SP.POP.1564.TO,4573993
Tajikistan,TJK,Arable land (hectares per person),AG.LND.ARBL.HA.PC,0.097995494
Tanzania,TZA,GDP growth (annual %),NY.GDP.MKTP.KD.ZG,6.336523427
Tanzania,TZA,"Population ages 15-64, total",SP.POP.1564.TO,23479945
Tanzania,TZA,Arable land (hectares per person),AG.LND.ARBL.HA.PC,0.259108035
Thailand,THA,GDP growth (annual %),NY.GDP.MKTP.KD.ZG,7.513390533
Thailand,THA,"Population ages 15-64, total",SP.POP.1564.TO,49062663
Thailand,THA,Arable land (hectares per person),AG.LND.ARBL.HA.PC,0.256684847
Timor-Leste,TLS,GDP growth (annual %),NY.GDP.MKTP.KD.ZG,9.331511766
Timor-Leste,TLS,"Population ages 15-64, total",SP.POP.1564.TO,585910
Timor-Leste,TLS,Arable land (hectares per person),AG.LND.ARBL.HA.PC,0.106570043
Togo,TGO,GDP growth (annual %),NY.GDP.MKTP.KD.ZG,5.854352693
Togo,TGO,"Population ages 15-64, total",SP.POP.1564.TO,3642640
Togo,TGO,Arable land (hectares per person),AG.LND.ARBL.HA.PC,0.374323536
Tonga,TON,GDP growth (annual %),NY.GDP.MKTP.KD.ZG,0.803490183
Tonga,TON,"Population ages 15-64, total",SP.POP.1564.TO,60869
Tonga,TON,Arable land (hectares per person),AG.LND.ARBL.HA.PC,0.158311837
Trinidad and Tobago,TTO,GDP growth (annual %),NY.GDP.MKTP.KD.ZG,3.32322471
Trinidad and Tobago,TTO,"Population ages 15-64, total",SP.POP.1564.TO,1021608
Trinidad and Tobago,TTO,Arable land (hectares per person),AG.LND.ARBL.HA.PC,0.017726775
Tunisia,TUN,GDP growth (annual %),NY.GDP.MKTP.KD.ZG,2.971132751
Tunisia,TUN,"Population ages 15-64, total",SP.POP.1564.TO,7561113
Tunisia,TUN,Arable land (hectares per person),AG.LND.ARBL.HA.PC,0.259108185
Turkiye,TUR,GDP growth (annual %),NY.GDP.MKTP.KD.ZG,8.427104323
Turkiye,TUR,"Population ages 15-64, total",SP.POP.1564.TO,48942413
Turkiye,TUR,Arable land (hectares per person),AG.LND.ARBL.HA.PC,0.292362202
Turkmenistan,TKM,GDP growth (annual %),NY.GDP.MKTP.KD.ZG,9.199999988
Turkmenistan,TKM,"Population ages 15-64, total",SP.POP.1564.TO,3469169
Turkmenistan,TKM,Arable land (hectares per person),AG.LND.ARBL.HA.PC,0.368263297
Turks and Caicos Islands,TCA,GDP growth (annual %),NY.GDP.MKTP.KD.ZG,..
Turks and Caicos Islands,TCA,"Population ages 15-64, total",SP.POP.1564.TO,21005
Turks and Caicos Islands,TCA,Arable land (hectares per person),AG.LND.ARBL.HA.PC,0.033640584
Tuvalu,TUV,GDP growth (annual %),NY.GDP.MKTP.KD.ZG,-2.222222222
Tuvalu,TUV,"Population ages 15-64, total",SP.POP.1564.TO,6555
Tuvalu,TUV,Arable land (hectares per person),AG.LND.ARBL.HA.PC,..
Uganda,UGA,GDP growth (annual %),NY.GDP.MKTP.KD.ZG,5.637611637
Uganda,UGA,"Population ages 15-64, total",SP.POP.1564.TO,15692449
Uganda,UGA,Arable land (hectares per person),AG.LND.ARBL.HA.PC,0.2087087
Ukraine,UKR,GDP growth (annual %),NY.GDP.MKTP.KD.ZG,4.092004367
Ukraine,UKR,"Population ages 15-64, total",SP.POP.1564.TO,32265881
Ukraine,UKR,Arable land (hectares per person),AG.LND.ARBL.HA.PC,0.708011235
United Arab Emirates,ARE,GDP growth (annual %),NY.GDP.MKTP.KD.ZG,1.602850048
United Arab Emirates,ARE,"Population ages 15-64, total",SP.POP.1564.TO,7301044
United Arab Emirates,ARE,Arable land (hectares per person),AG.LND.ARBL.HA.PC,0.005965735
United Kingdom,GBR,GDP growth (annual %),NY.GDP.MKTP.KD.ZG,2.238688634
United Kingdom,GBR,"Population ages 15-64, total",SP.POP.1564.TO,41444114
United Kingdom,GBR,Arable land (hectares per person),AG.LND.ARBL.HA.PC,0.095114637
United States,USA,GDP growth (annual %),NY.GDP.MKTP.KD.ZG,2.708856694
United States,USA,"Population ages 15-64, total",SP.POP.1564.TO,207573780
United States,USA,Arable land (hectares per person),AG.LND.ARBL.HA.PC,0.509869578
Uruguay,URY,GDP growth (annual %),NY.GDP.MKTP.KD.ZG,7.803409651
Uruguay,URY,"Population ages 15-64, total",SP.POP.1564.TO,2123833
Uruguay,URY,Arable land (hectares per person),AG.LND.ARBL.HA.PC,0.606385812
Uzbekistan,UZB,GDP growth (annual %),NY.GDP.MKTP.KD.ZG,7.597167961
Uzbekistan,UZB,"Population ages 15-64, total",SP.POP.1564.TO,18904261
Uzbekistan,UZB,Arable land (hectares per person),AG.LND.ARBL.HA.PC,0.146066157
Vanuatu,VUT,GDP growth (annual %),NY.GDP.MKTP.KD.ZG,1.258867203
Vanuatu,VUT,"Population ages 15-64, total",SP.POP.1564.TO,140740
Vanuatu,VUT,Arable land (hectares per person),AG.LND.ARBL.HA.PC,0.081481995
"Venezuela, RB",VEN,GDP growth (annual %),NY.GDP.MKTP.KD.ZG,-1.488791251
"Venezuela, RB",VEN,"Population ages 15-64, total",SP.POP.1564.TO,18456450
"Venezuela, RB",VEN,Arable land (hectares per person),AG.LND.ARBL.HA.PC,0.090544942
Viet Nam,VNM,GDP growth (annual %),NY.GDP.MKTP.KD.ZG,6.423244822
Viet Nam,VNM,"Population ages 15-64, total",SP.POP.1564.TO,60511470
Viet Nam,VNM,Arable land (hectares per person),AG.LND.ARBL.HA.PC,0.073645183
Virgin Islands (U.S.),VIR,GDP growth (annual %),NY.GDP.MKTP.KD.ZG,0.596383224
Virgin Islands (U.S.),VIR,"Population ages 15-64, total",SP.POP.1564.TO,71107
Virgin Islands (U.S.),VIR,Arable land (hectares per person),AG.LND.ARBL.HA.PC,0.009228753
West Bank and Gaza,PSE,GDP growth (annual %),NY.GDP.MKTP.KD.ZG,5.777362056
West Bank and Gaza,PSE,"Population ages 15-64, total",SP.POP.1564.TO,2072570
West Bank and Gaza,PSE,Arable land (hectares per person),AG.LND.ARBL.HA.PC,0.011542034
"Yemen, Rep.",YEM,GDP growth (annual %),NY.GDP.MKTP.KD.ZG,7.70230704
"Yemen, Rep.",YEM,"Population ages 15-64, total",SP.POP.1564.TO,13265795
"Yemen, Rep.",YEM,Arable land (hectares per person),AG.LND.ARBL.HA.PC,0.052174378
Zambia,ZMB,GDP growth (annual %),NY.GDP.MKTP.KD.ZG,10.29822332
Zambia,ZMB,"Population ages 15-64, total",SP.POP.1564.TO,7126462
Zambia,ZMB,Arable land (hectares per person),AG.LND.ARBL.HA.PC,0.246518184
Zimbabwe,ZWE,GDP growth (annual %),NY.GDP.MKTP.KD.ZG,21.45206092
Zimbabwe,ZWE,"Population ages 15-64, total",SP.POP.1564.TO,6919301
Zimbabwe,ZWE,Arable land (hectares per person),AG.LND.ARBL.HA.PC,0.311532036
Africa Eastern and Southern,AFE,GDP growth (annual %),NY.GDP.MKTP.KD.ZG,5.157236643
Africa Eastern and Southern,AFE,"Population ages 15-64, total",SP.POP.1564.TO,281449242
Africa Eastern and Southern,AFE,Arable land (hectares per person),AG.LND.ARBL.HA.PC,0.212969565
Africa Western and Central,AFW,GDP growth (annual %),NY.GDP.MKTP.KD.ZG,6.969282599
Africa Western and Central,AFW,"Population ages 15-64, total",SP.POP.1564.TO,188197656
Africa Western and Central,AFW,Arable land (hectares per person),AG.LND.ARBL.HA.PC,0.273307309
Arab World,ARB,GDP growth (annual %),NY.GDP.MKTP.KD.ZG,4.713732711
Arab World,ARB,"Population ages 15-64, total",SP.POP.1564.TO,227277696
Arab World,ARB,Arable land (hectares per person),AG.LND.ARBL.HA.PC,0.158448977
Caribbean small states,CSS,GDP growth (annual %),NY.GDP.MKTP.KD.ZG,1.265309732
Caribbean small states,CSS,"Population ages 15-64, total",SP.POP.1564.TO,4726191
Caribbean small states,CSS,Arable land (hectares per person),AG.LND.ARBL.HA.PC,0.105100659
Central Europe and the Baltics,CEB,GDP growth (annual %),NY.GDP.MKTP.KD.ZG,1.435451328
Central Europe and the Baltics,CEB,"Population ages 15-64, total",SP.POP.1564.TO,72822461
Central Europe and the Baltics,CEB,Arable land (hectares per person),AG.LND.ARBL.HA.PC,0.349806683
Early-demographic dividend,EAR,GDP growth (annual %),NY.GDP.MKTP.KD.ZG,6.489828506
Early-demographic dividend,EAR,"Population ages 15-64, total",SP.POP.1564.TO,1860635570
Early-demographic dividend,EAR,Arable land (hectares per person),AG.LND.ARBL.HA.PC,0.146125373
East Asia & Pacific,EAS,GDP growth (annual %),NY.GDP.MKTP.KD.ZG,7.609855085
East Asia & Pacific,EAS,"Population ages 15-64, total",SP.POP.1564.TO,1557195771
East Asia & Pacific,EAS,Arable land (hectares per person),AG.LND.ARBL.HA.PC,0.102403467
East Asia & Pacific (excluding high income),EAP,GDP growth (annual %),NY.GDP.MKTP.KD.ZG,9.921141481
East Asia & Pacific (excluding high income),EAP,"Population ages 15-64, total",SP.POP.1564.TO,1395073174
East Asia & Pacific (excluding high income),EAP,Arable land (hectares per person),AG.LND.ARBL.HA.PC,0.098404609
East Asia & Pacific (IDA & IBRD countries),TEA,GDP growth (annual %),NY.GDP.MKTP.KD.ZG,9.921069712
East Asia & Pacific (IDA & IBRD countries),TEA,"Population ages 15-64, total",SP.POP.1564.TO,1378109756
East Asia & Pacific (IDA & IBRD countries),TEA,Arable land (hectares per person),AG.LND.ARBL.HA.PC,0.098419656
Euro area,EMU,GDP growth (annual %),NY.GDP.MKTP.KD.ZG,2.180209689
Euro area,EMU,"Population ages 15-64, total",SP.POP.1564.TO,225518822
Euro area,EMU,Arable land (hectares per person),AG.LND.ARBL.HA.PC,0.193632043
Europe & Central Asia,ECS,GDP growth (annual %),NY.GDP.MKTP.KD.ZG,2.658915979
Europe & Central Asia,ECS,"Population ages 15-64, total",SP.POP.1564.TO,604015747
Europe & Central Asia,ECS,Arable land (hectares per person),AG.LND.ARBL.HA.PC,0.378336694
Europe & Central Asia (excluding high income),ECA,GDP growth (annual %),NY.GDP.MKTP.KD.ZG,5.641225114
Europe & Central Asia (excluding high income),ECA,"Population ages 15-64, total",SP.POP.1564.TO,263212196
Europe & Central Asia (excluding high income),ECA,Arable land (hectares per person),AG.LND.ARBL.HA.PC,0.610810347
Europe & Central Asia (IDA & IBRD countries),TEC,GDP growth (annual %),NY.GDP.MKTP.KD.ZG,4.632288456
Europe & Central Asia (IDA & IBRD countries),TEC,"Population ages 15-64, total",SP.POP.1564.TO,307104366
Europe & Central Asia (IDA & IBRD countries),TEC,Arable land (hectares per person),AG.LND.ARBL.HA.PC,0.571372573
European Union,EUU,GDP growth (annual %),NY.GDP.MKTP.KD.ZG,2.224594889
European Union,EUU,"Population ages 15-64, total",SP.POP.1564.TO,295512777
European Union,EUU,Arable land (hectares per person),AG.LND.ARBL.HA.PC,0.2288875
Fragile and conflict affected situations,FCS,GDP growth (annual %),NY.GDP.MKTP.KD.ZG,6.918043558
Fragile and conflict affected situations,FCS,"Population ages 15-64, total",SP.POP.1564.TO,430950213
Fragile and conflict affected situations,FCS,Arable land (hectares per person),AG.LND.ARBL.HA.PC,0.258810692
Heavily indebted poor countries (HIPC),HPC,GDP growth (annual %),NY.GDP.MKTP.KD.ZG,5.936961506
Heavily indebted poor countries (HIPC),HPC,"Population ages 15-64, total",SP.POP.1564.TO,331176443
Heavily indebted poor countries (HIPC),HPC,Arable land (hectares per person),AG.LND.ARBL.HA.PC,0.25161996
High income,HIC,GDP growth (annual %),NY.GDP.MKTP.KD.ZG,3.013846189
High income,HIC,"Population ages 15-64, total",SP.POP.1564.TO,794269279
High income,HIC,Arable land (hectares per person),AG.LND.ARBL.HA.PC,0.289199634
IBRD only,IBD,GDP growth (annual %),NY.GDP.MKTP.KD.ZG,7.808003677
IBRD only,IBD,"Population ages 15-64, total",SP.POP.1564.TO,3001318473
IBRD only,IBD,Arable land (hectares per person),AG.LND.ARBL.HA.PC,0.175351567
IDA & IBRD total,IBT,GDP growth (annual %),NY.GDP.MKTP.KD.ZG,7.670289365
IDA & IBRD total,IBT,"Population ages 15-64, total",SP.POP.1564.TO,3789308029
IDA & IBRD total,IBT,Arable land (hectares per person),AG.LND.ARBL.HA.PC,0.179463431
IDA blend,IDB,GDP growth (annual %),NY.GDP.MKTP.KD.ZG,5.954037977
IDA blend,IDB,"Population ages 15-64, total",SP.POP.1564.TO,263530455
IDA blend,IDB,Arable land (hectares per person),AG.LND.ARBL.HA.PC,0.182278208
IDA only,IDX,GDP growth (annual %),NY.GDP.MKTP.KD.ZG,6.320459822
IDA only,IDX,"Population ages 15-64, total",SP.POP.1564.TO,524459101
IDA only,IDX,Arable land (hectares per person),AG.LND.ARBL.HA.PC,0.197633724
IDA total,IDA,GDP growth (annual %),NY.GDP.MKTP.KD.ZG,6.147613023
IDA total,IDA,"Population ages 15-64, total",SP.POP.1564.TO,787989556
IDA total,IDA,Arable land (hectares per person),AG.LND.ARBL.HA.PC,0.192448824
Late-demographic dividend,LTE,GDP growth (annual %),NY.GDP.MKTP.KD.ZG,8.013851656
Late-demographic dividend,LTE,"Population ages 15-64, total",SP.POP.1564.TO,1563015341
Late-demographic dividend,LTE,Arable land (hectares per person),AG.LND.ARBL.HA.PC,0.184120399
Latin America & Caribbean,LCN,GDP growth (annual %),NY.GDP.MKTP.KD.ZG,6.377219153
Latin America & Caribbean,LCN,"Population ages 15-64, total",SP.POP.1564.TO,385524311
Latin America & Caribbean,LCN,Arable land (hectares per person),AG.LND.ARBL.HA.PC,0.247918436
Latin America & Caribbean (excluding high income),LAC,GDP growth (annual %),NY.GDP.MKTP.KD.ZG,6.659093614
Latin America & Caribbean (excluding high income),LAC,"Population ages 15-64, total",SP.POP.1564.TO,346083847
Latin America & Caribbean (excluding high income),LAC,Arable land (hectares per person),AG.LND.ARBL.HA.PC,0.262650791
Latin America & the Caribbean (IDA & IBRD countries),TLA,GDP growth (annual %),NY.GDP.MKTP.KD.ZG,6.677000823
Latin America & the Caribbean (IDA & IBRD countries),TLA,"Population ages 15-64, total",SP.POP.1564.TO,374410710
Latin America & the Caribbean (IDA & IBRD countries),TLA,Arable land (hectares per person),AG.LND.ARBL.HA.PC,0.248799096
Least developed countries: UN classification,LDC,GDP growth (annual %),NY.GDP.MKTP.KD.ZG,6.116554475
Least developed countries: UN classification,LDC,"Population ages 15-64, total",SP.POP.1564.TO,464339849
Least developed countries: UN classification,LDC,Arable land (hectares per person),AG.LND.ARBL.HA.PC,0.203556353
Low & middle income,LMY,GDP growth (annual %),NY.GDP.MKTP.KD.ZG,7.896903188
Low & middle income,LMY,"Population ages 15-64, total",SP.POP.1564.TO,3736062853
Low & middle income,LMY,Arable land (hectares per person),AG.LND.ARBL.HA.PC,0.178071783
Low income,LIC,GDP growth (annual %),NY.GDP.MKTP.KD.ZG,6.689216691
Low income,LIC,"Population ages 15-64, total",SP.POP.1564.TO,269928886
Low income,LIC,Arable land (hectares per person),AG.LND.ARBL.HA.PC,0.239962456
Lower middle income,LMC,GDP growth (annual %),NY.GDP.MKTP.KD.ZG,6.597676317
Lower middle income,LMC,"Population ages 15-64, total",SP.POP.1564.TO,1667209188
Lower middle income,LMC,Arable land (hectares per person),AG.LND.ARBL.HA.PC,0.148770038
Middle East & North Africa,MEA,GDP growth (annual %),NY.GDP.MKTP.KD.ZG,4.999131725
Middle East & North Africa,MEA,"Population ages 15-64, total",SP.POP.1564.TO,260300046
Middle East & North Africa,MEA,Arable land (hectares per person),AG.LND.ARBL.HA.PC,0.130511278
Middle East & North Africa (excluding high income),MNA,GDP growth (annual %),NY.GDP.MKTP.KD.ZG,5.240260386
Middle East & North Africa (excluding high income),MNA,"Population ages 15-64, total",SP.POP.1564.TO,221214971
Middle East & North Africa (excluding high income),MNA,Arable land (hectares per person),AG.LND.ARBL.HA.PC,0.140828205
Middle East & North Africa (IDA & IBRD countries),TMN,GDP growth (annual %),NY.GDP.MKTP.KD.ZG,5.235869008
Middle East & North Africa (IDA & IBRD countries),TMN,"Population ages 15-64, total",SP.POP.1564.TO,219142401
Middle East & North Africa (IDA & IBRD countries),TMN,Arable land (hectares per person),AG.LND.ARBL.HA.PC,0.142269911
Middle income,MIC,GDP growth (annual %),NY.GDP.MKTP.KD.ZG,7.921805972
Middle income,MIC,"Population ages 15-64, total",SP.POP.1564.TO,3466133967
Middle income,MIC,Arable land (hectares per person),AG.LND.ARBL.HA.PC,0.172161381
North America,NAC,GDP growth (annual %),NY.GDP.MKTP.KD.ZG,2.736478159
North America,NAC,"Population ages 15-64, total",SP.POP.1564.TO,231211911
North America,NAC,Arable land (hectares per person),AG.LND.ARBL.HA.PC,0.569031504
Not classified,INX,GDP growth (annual %),NY.GDP.MKTP.KD.ZG,..
Not classified,INX,"Population ages 15-64, total",SP.POP.1564.TO,..
Not classified,INX,Arable land (hectares per person),AG.LND.ARBL.HA.PC,..
OECD members,OED,GDP growth (annual %),NY.GDP.MKTP.KD.ZG,2.973991463
OECD members,OED,"Population ages 15-64, total",SP.POP.1564.TO,859129746
OECD members,OED,Arable land (hectares per person),AG.LND.ARBL.HA.PC,0.286777526
Other small states,OSS,GDP growth (annual %),NY.GDP.MKTP.KD.ZG,8.683475693
Other small states,OSS,"Population ages 15-64, total",SP.POP.1564.TO,16762334
Other small states,OSS,Arable land (hectares per person),AG.LND.ARBL.HA.PC,0.156782012
Pacific island small states,PSS,GDP growth (annual %),NY.GDP.MKTP.KD.ZG,3.716568682
Pacific island small states,PSS,"Population ages 15-64, total",SP.POP.1564.TO,1384737
Pacific island small states,PSS,Arable land (hectares per person),AG.LND.ARBL.HA.PC,0.060071647
Post-demographic dividend,PST,GDP growth (annual %),NY.GDP.MKTP.KD.ZG,2.915285424
Post-demographic dividend,PST,"Population ages 15-64, total",SP.POP.1564.TO,719602383
Post-demographic dividend,PST,Arable land (hectares per person),AG.LND.ARBL.HA.PC,0.329702879
Pre-demographic dividend,PRE,GDP growth (annual %),NY.GDP.MKTP.KD.ZG,6.462630357
Pre-demographic dividend,PRE,"Population ages 15-64, total",SP.POP.1564.TO,386410006
Pre-demographic dividend,PRE,Arable land (hectares per person),AG.LND.ARBL.HA.PC,0.246887809
Small states,SST,GDP growth (annual %),NY.GDP.MKTP.KD.ZG,7.119912306
Small states,SST,"Population ages 15-64, total",SP.POP.1564.TO,22873262
Small states,SST,Arable land (hectares per person),AG.LND.ARBL.HA.PC,0.140532635
South Asia,SAS,GDP growth (annual %),NY.GDP.MKTP.KD.ZG,7.365786643
South Asia,SAS,"Population ages 15-64, total",SP.POP.1564.TO,1040893898
South Asia,SAS,Arable land (hectares per person),AG.LND.ARBL.HA.PC,0.123734893
South Asia (IDA & IBRD),TSA,GDP growth (annual %),NY.GDP.MKTP.KD.ZG,7.365786643
South Asia (IDA & IBRD),TSA,"Population ages 15-64, total",SP.POP.1564.TO,1040893898
South Asia (IDA & IBRD),TSA,Arable land (hectares per person),AG.LND.ARBL.HA.PC,0.123734893
Sub-Saharan Africa,SSF,GDP growth (annual %),NY.GDP.MKTP.KD.ZG,5.932878759
Sub-Saharan Africa,SSF,"Population ages 15-64, total",SP.POP.1564.TO,469646898
Sub-Saharan Africa,SSF,Arable land (hectares per person),AG.LND.ARBL.HA.PC,0.23768056
Sub-Saharan Africa (excluding high income),SSA,GDP growth (annual %),NY.GDP.MKTP.KD.ZG,5.934042369
Sub-Saharan Africa (excluding high income),SSA,"Population ages 15-64, total",SP.POP.1564.TO,469584767
Sub-Saharan Africa (excluding high income),SSA,Arable land (hectares per person),AG.LND.ARBL.HA.PC,0.237704051
Sub-Saharan Africa (IDA & IBRD countries),TSS,GDP growth (annual %),NY.GDP.MKTP.KD.ZG,5.932878759
Sub-Saharan Africa (IDA & IBRD countries),TSS,"Population ages 15-64, total",SP.POP.1564.TO,469646898
Sub-Saharan Africa (IDA & IBRD countries),TSS,Arable land (hectares per person),AG.LND.ARBL.HA.PC,0.23768056
Upper middle income,UMC,GDP growth (annual %),NY.GDP.MKTP.KD.ZG,8.308633528
Upper middle income,UMC,"Population ages 15-64, total",SP.POP.1564.TO,1798924779
Upper middle income,UMC,Arable land (hectares per person),AG.LND.ARBL.HA.PC,0.196608788
World,WLD,GDP growth (annual %),NY.GDP.MKTP.KD.ZG,4.527806993
World,WLD,"Population ages 15-64, total",SP.POP.1564.TO,4548788582
World,WLD,Arable land (hectares per person),AG.LND.ARBL.HA.PC,0.196550578
